<?xml version="1.0" encoding="UTF-8"?>
<!DOCTYPE mapper PUBLIC "-//mybatis.org//DTD Mapper 3.0//EN" "http://mybatis.org/dtd/mybatis-3-mapper.dtd">
<mapper namespace="com.kuafu.web.mapper.GeneralOrdersStatisticsMapper">

    <resultMap id="general_orders_order_status_status_statistic_3c2baf0b_countStatistic0" type="com.kuafu.web.entity.GeneralOrdersOrderStatusStatusStatistic3c2baf0bCount$Statistic0">
        <result property="orderStatus" column="order_status"/>
        <result property="result_kf" column="result_kf"/>
    </resultMap>
<resultMap id="general_orders_order_status_status_statistic_b02c5267_countStatistic0" type="com.kuafu.web.entity.GeneralOrdersOrderStatusStatusStatisticB02c5267Count$Statistic0">
        <result property="orderStatus" column="order_status"/>
        <result property="result_kf" column="result_kf"/>
    </resultMap>
<resultMap id="general_orders_order_status_status_statistic_97de812d_countStatistic0" type="com.kuafu.web.entity.GeneralOrdersOrderStatusStatusStatistic97de812dCount$Statistic0">
        <result property="orderStatus" column="order_status"/>
        <result property="result_kf" column="result_kf"/>
    </resultMap>
<resultMap id="general_orders_pay_status_status_statistic_11ed7b8b_countStatistic0" type="com.kuafu.web.entity.GeneralOrdersPayStatusStatusStatistic11ed7b8bCount$Statistic0">
        <result property="payStatus" column="pay_status"/>
        <result property="result_kf" column="result_kf"/>
    </resultMap>
<resultMap id="general_orders_pay_status_status_statistic_aa455c23_countStatistic0" type="com.kuafu.web.entity.GeneralOrdersPayStatusStatusStatisticAa455c23Count$Statistic0">
        <result property="payStatus" column="pay_status"/>
        <result property="result_kf" column="result_kf"/>
    </resultMap>
<resultMap id="general_orders_pay_status_status_statistic_d61bf563_countStatistic0" type="com.kuafu.web.entity.GeneralOrdersPayStatusStatusStatisticD61bf563Count$Statistic0">
        <result property="payStatus" column="pay_status"/>
        <result property="result_kf" column="result_kf"/>
    </resultMap>
<resultMap id="general_orders_delivery_status_status_statistic_b439ebb6_countStatistic0" type="com.kuafu.web.entity.GeneralOrdersDeliveryStatusStatusStatisticB439ebb6Count$Statistic0">
        <result property="deliveryStatus" column="delivery_status"/>
        <result property="result_kf" column="result_kf"/>
    </resultMap>
<resultMap id="general_orders_delivery_status_status_statistic_4f231347_countStatistic0" type="com.kuafu.web.entity.GeneralOrdersDeliveryStatusStatusStatistic4f231347Count$Statistic0">
        <result property="deliveryStatus" column="delivery_status"/>
        <result property="result_kf" column="result_kf"/>
    </resultMap>
<resultMap id="general_orders_delivery_status_status_statistic_abaf9427_countStatistic0" type="com.kuafu.web.entity.GeneralOrdersDeliveryStatusStatusStatisticAbaf9427Count$Statistic0">
        <result property="deliveryStatus" column="delivery_status"/>
        <result property="result_kf" column="result_kf"/>
    </resultMap>
<resultMap id="general_orders_payment_time_datetime_statistic_5bdc6c9a_countStatistic0" type="com.kuafu.web.entity.GeneralOrdersPaymentTimeDatetimeStatistic5bdc6c9aCount$Statistic0">
        <result property="paymentTime" column="payment_time"/>
        <result property="result_kf" column="result_kf"/>
    </resultMap>
<resultMap id="general_orders_payment_time_datetime_statistic_68854977_countStatistic0" type="com.kuafu.web.entity.GeneralOrdersPaymentTimeDatetimeStatistic68854977Count$Statistic0">
        <result property="paymentTime" column="payment_time"/>
        <result property="result_kf" column="result_kf"/>
    </resultMap>
<resultMap id="general_orders_payment_time_datetime_statistic_f669d7fd_countStatistic0" type="com.kuafu.web.entity.GeneralOrdersPaymentTimeDatetimeStatisticF669d7fdCount$Statistic0">
        <result property="paymentTime" column="payment_time"/>
        <result property="result_kf" column="result_kf"/>
    </resultMap>
<resultMap id="general_orders_create_time_datetime_statistic_49245188_countStatistic0" type="com.kuafu.web.entity.GeneralOrdersCreateTimeDatetimeStatistic49245188Count$Statistic0">
        <result property="createTime" column="create_time"/>
        <result property="result_kf" column="result_kf"/>
    </resultMap>
<resultMap id="general_orders_create_time_datetime_statistic_5a64018c_countStatistic0" type="com.kuafu.web.entity.GeneralOrdersCreateTimeDatetimeStatistic5a64018cCount$Statistic0">
        <result property="createTime" column="create_time"/>
        <result property="result_kf" column="result_kf"/>
    </resultMap>
<resultMap id="general_orders_create_time_datetime_statistic_3c178831_countStatistic0" type="com.kuafu.web.entity.GeneralOrdersCreateTimeDatetimeStatistic3c178831Count$Statistic0">
        <result property="createTime" column="create_time"/>
        <result property="result_kf" column="result_kf"/>
    </resultMap>
<resultMap id="general_orders_update_time_datetime_statistic_cf60f828_countStatistic0" type="com.kuafu.web.entity.GeneralOrdersUpdateTimeDatetimeStatisticCf60f828Count$Statistic0">
        <result property="updateTime" column="update_time"/>
        <result property="result_kf" column="result_kf"/>
    </resultMap>
<resultMap id="general_orders_update_time_datetime_statistic_56123fa7_countStatistic0" type="com.kuafu.web.entity.GeneralOrdersUpdateTimeDatetimeStatistic56123fa7Count$Statistic0">
        <result property="updateTime" column="update_time"/>
        <result property="result_kf" column="result_kf"/>
    </resultMap>
<resultMap id="general_orders_update_time_datetime_statistic_3abbe917_countStatistic0" type="com.kuafu.web.entity.GeneralOrdersUpdateTimeDatetimeStatistic3abbe917Count$Statistic0">
        <result property="updateTime" column="update_time"/>
        <result property="result_kf" column="result_kf"/>
    </resultMap>
<resultMap id="general_orders_cancel_time_datetime_statistic_e3d18a44_countStatistic0" type="com.kuafu.web.entity.GeneralOrdersCancelTimeDatetimeStatisticE3d18a44Count$Statistic0">
        <result property="cancelTime" column="cancel_time"/>
        <result property="result_kf" column="result_kf"/>
    </resultMap>
<resultMap id="general_orders_cancel_time_datetime_statistic_39eff77a_countStatistic0" type="com.kuafu.web.entity.GeneralOrdersCancelTimeDatetimeStatistic39eff77aCount$Statistic0">
        <result property="cancelTime" column="cancel_time"/>
        <result property="result_kf" column="result_kf"/>
    </resultMap>
<resultMap id="general_orders_cancel_time_datetime_statistic_1cd9fc53_countStatistic0" type="com.kuafu.web.entity.GeneralOrdersCancelTimeDatetimeStatistic1cd9fc53Count$Statistic0">
        <result property="cancelTime" column="cancel_time"/>
        <result property="result_kf" column="result_kf"/>
    </resultMap>
<resultMap id="general_orders_complete_time_datetime_statistic_1c4c5d69_countStatistic0" type="com.kuafu.web.entity.GeneralOrdersCompleteTimeDatetimeStatistic1c4c5d69Count$Statistic0">
        <result property="completeTime" column="complete_time"/>
        <result property="result_kf" column="result_kf"/>
    </resultMap>
<resultMap id="general_orders_complete_time_datetime_statistic_26b52752_countStatistic0" type="com.kuafu.web.entity.GeneralOrdersCompleteTimeDatetimeStatistic26b52752Count$Statistic0">
        <result property="completeTime" column="complete_time"/>
        <result property="result_kf" column="result_kf"/>
    </resultMap>
<resultMap id="general_orders_complete_time_datetime_statistic_3b7ddf49_countStatistic0" type="com.kuafu.web.entity.GeneralOrdersCompleteTimeDatetimeStatistic3b7ddf49Count$Statistic0">
        <result property="completeTime" column="complete_time"/>
        <result property="result_kf" column="result_kf"/>
    </resultMap>
<resultMap id="general_orders_deliver_time_datetime_statistic_56a27fe9_countStatistic0" type="com.kuafu.web.entity.GeneralOrdersDeliverTimeDatetimeStatistic56a27fe9Count$Statistic0">
        <result property="deliverTime" column="deliver_time"/>
        <result property="result_kf" column="result_kf"/>
    </resultMap>
<resultMap id="general_orders_deliver_time_datetime_statistic_7d95dc04_countStatistic0" type="com.kuafu.web.entity.GeneralOrdersDeliverTimeDatetimeStatistic7d95dc04Count$Statistic0">
        <result property="deliverTime" column="deliver_time"/>
        <result property="result_kf" column="result_kf"/>
    </resultMap>
<resultMap id="general_orders_deliver_time_datetime_statistic_eee9ace7_countStatistic0" type="com.kuafu.web.entity.GeneralOrdersDeliverTimeDatetimeStatisticEee9ace7Count$Statistic0">
        <result property="deliverTime" column="deliver_time"/>
        <result property="result_kf" column="result_kf"/>
    </resultMap>
<resultMap id="general_orders_refund_status_status_statistic_be66fbf1_countStatistic0" type="com.kuafu.web.entity.GeneralOrdersRefundStatusStatusStatisticBe66fbf1Count$Statistic0">
        <result property="refundStatus" column="refund_status"/>
        <result property="result_kf" column="result_kf"/>
    </resultMap>
<resultMap id="general_orders_refund_status_status_statistic_61064702_countStatistic0" type="com.kuafu.web.entity.GeneralOrdersRefundStatusStatusStatistic61064702Count$Statistic0">
        <result property="refundStatus" column="refund_status"/>
        <result property="result_kf" column="result_kf"/>
    </resultMap>
<resultMap id="general_orders_refund_status_status_statistic_104a645e_countStatistic0" type="com.kuafu.web.entity.GeneralOrdersRefundStatusStatusStatistic104a645eCount$Statistic0">
        <result property="refundStatus" column="refund_status"/>
        <result property="result_kf" column="result_kf"/>
    </resultMap>



    <select id="general_orders_order_status_status_statistic_3c2baf0b_count" resultMap="general_orders_order_status_status_statistic_3c2baf0b_countStatistic0">
        select
                go.order_status  
                ,  count(go.id)
 as result_kf
        FROM general_orders go

        ${ew.customSqlSegment}
        group by 
            go.order_status
    </select>


    <select id="general_orders_order_status_status_statistic_b02c5267_count" resultMap="general_orders_order_status_status_statistic_b02c5267_countStatistic0">
        select
                go.order_status  
                ,  count(go.id)
 as result_kf
        FROM general_orders go

        ${ew.customSqlSegment}
        group by 
            go.order_status
    </select>


    <select id="general_orders_order_status_status_statistic_97de812d_count" resultMap="general_orders_order_status_status_statistic_97de812d_countStatistic0">
        select
                go.order_status  
                ,  count(go.id)
 as result_kf
        FROM general_orders go

        ${ew.customSqlSegment}
        group by 
            go.order_status
    </select>


    <select id="general_orders_pay_status_status_statistic_11ed7b8b_count" resultMap="general_orders_pay_status_status_statistic_11ed7b8b_countStatistic0">
        select
                go.pay_status  
                ,  count(go.id)
 as result_kf
        FROM general_orders go

        ${ew.customSqlSegment}
        group by 
            go.pay_status
    </select>


    <select id="general_orders_pay_status_status_statistic_aa455c23_count" resultMap="general_orders_pay_status_status_statistic_aa455c23_countStatistic0">
        select
                go.pay_status  
                ,  count(go.id)
 as result_kf
        FROM general_orders go

        ${ew.customSqlSegment}
        group by 
            go.pay_status
    </select>


    <select id="general_orders_pay_status_status_statistic_d61bf563_count" resultMap="general_orders_pay_status_status_statistic_d61bf563_countStatistic0">
        select
                go.pay_status  
                ,  count(go.id)
 as result_kf
        FROM general_orders go

        ${ew.customSqlSegment}
        group by 
            go.pay_status
    </select>


    <select id="general_orders_delivery_status_status_statistic_b439ebb6_count" resultMap="general_orders_delivery_status_status_statistic_b439ebb6_countStatistic0">
        select
                go.delivery_status  
                ,  count(go.id)
 as result_kf
        FROM general_orders go

        ${ew.customSqlSegment}
        group by 
            go.delivery_status
    </select>


    <select id="general_orders_delivery_status_status_statistic_4f231347_count" resultMap="general_orders_delivery_status_status_statistic_4f231347_countStatistic0">
        select
                go.delivery_status  
                ,  count(go.id)
 as result_kf
        FROM general_orders go

        ${ew.customSqlSegment}
        group by 
            go.delivery_status
    </select>


    <select id="general_orders_delivery_status_status_statistic_abaf9427_count" resultMap="general_orders_delivery_status_status_statistic_abaf9427_countStatistic0">
        select
                go.delivery_status  
                ,  count(go.id)
 as result_kf
        FROM general_orders go

        ${ew.customSqlSegment}
        group by 
            go.delivery_status
    </select>


    <select id="general_orders_payment_time_datetime_statistic_5bdc6c9a_count" resultMap="general_orders_payment_time_datetime_statistic_5bdc6c9a_countStatistic0">
        select
                go.payment_time  
                ,  count(go.id)
 as result_kf
        FROM general_orders go

        ${ew.customSqlSegment}
        group by 
            go.payment_time
    </select>


    <select id="general_orders_payment_time_datetime_statistic_68854977_count" resultMap="general_orders_payment_time_datetime_statistic_68854977_countStatistic0">
        select
                go.payment_time  
                ,  count(go.id)
 as result_kf
        FROM general_orders go

        ${ew.customSqlSegment}
        group by 
            go.payment_time
    </select>


    <select id="general_orders_payment_time_datetime_statistic_f669d7fd_count" resultMap="general_orders_payment_time_datetime_statistic_f669d7fd_countStatistic0">
        select
                go.payment_time  
                ,  count(go.id)
 as result_kf
        FROM general_orders go

        ${ew.customSqlSegment}
        group by 
            go.payment_time
    </select>


    <select id="general_orders_create_time_datetime_statistic_49245188_count" resultMap="general_orders_create_time_datetime_statistic_49245188_countStatistic0">
        select
                go.create_time  
                ,  count(go.id)
 as result_kf
        FROM general_orders go

        ${ew.customSqlSegment}
        group by 
            go.create_time
    </select>


    <select id="general_orders_create_time_datetime_statistic_5a64018c_count" resultMap="general_orders_create_time_datetime_statistic_5a64018c_countStatistic0">
        select
                go.create_time  
                ,  count(go.id)
 as result_kf
        FROM general_orders go

        ${ew.customSqlSegment}
        group by 
            go.create_time
    </select>


    <select id="general_orders_create_time_datetime_statistic_3c178831_count" resultMap="general_orders_create_time_datetime_statistic_3c178831_countStatistic0">
        select
                go.create_time  
                ,  count(go.id)
 as result_kf
        FROM general_orders go

        ${ew.customSqlSegment}
        group by 
            go.create_time
    </select>


    <select id="general_orders_update_time_datetime_statistic_cf60f828_count" resultMap="general_orders_update_time_datetime_statistic_cf60f828_countStatistic0">
        select
                go.update_time  
                ,  count(go.id)
 as result_kf
        FROM general_orders go

        ${ew.customSqlSegment}
        group by 
            go.update_time
    </select>


    <select id="general_orders_update_time_datetime_statistic_56123fa7_count" resultMap="general_orders_update_time_datetime_statistic_56123fa7_countStatistic0">
        select
                go.update_time  
                ,  count(go.id)
 as result_kf
        FROM general_orders go

        ${ew.customSqlSegment}
        group by 
            go.update_time
    </select>


    <select id="general_orders_update_time_datetime_statistic_3abbe917_count" resultMap="general_orders_update_time_datetime_statistic_3abbe917_countStatistic0">
        select
                go.update_time  
                ,  count(go.id)
 as result_kf
        FROM general_orders go

        ${ew.customSqlSegment}
        group by 
            go.update_time
    </select>


    <select id="general_orders_cancel_time_datetime_statistic_e3d18a44_count" resultMap="general_orders_cancel_time_datetime_statistic_e3d18a44_countStatistic0">
        select
                go.cancel_time  
                ,  count(go.id)
 as result_kf
        FROM general_orders go

        ${ew.customSqlSegment}
        group by 
            go.cancel_time
    </select>


    <select id="general_orders_cancel_time_datetime_statistic_39eff77a_count" resultMap="general_orders_cancel_time_datetime_statistic_39eff77a_countStatistic0">
        select
                go.cancel_time  
                ,  count(go.id)
 as result_kf
        FROM general_orders go

        ${ew.customSqlSegment}
        group by 
            go.cancel_time
    </select>


    <select id="general_orders_cancel_time_datetime_statistic_1cd9fc53_count" resultMap="general_orders_cancel_time_datetime_statistic_1cd9fc53_countStatistic0">
        select
                go.cancel_time  
                ,  count(go.id)
 as result_kf
        FROM general_orders go

        ${ew.customSqlSegment}
        group by 
            go.cancel_time
    </select>


    <select id="general_orders_complete_time_datetime_statistic_1c4c5d69_count" resultMap="general_orders_complete_time_datetime_statistic_1c4c5d69_countStatistic0">
        select
                go.complete_time  
                ,  count(go.id)
 as result_kf
        FROM general_orders go

        ${ew.customSqlSegment}
        group by 
            go.complete_time
    </select>


    <select id="general_orders_complete_time_datetime_statistic_26b52752_count" resultMap="general_orders_complete_time_datetime_statistic_26b52752_countStatistic0">
        select
                go.complete_time  
                ,  count(go.id)
 as result_kf
        FROM general_orders go

        ${ew.customSqlSegment}
        group by 
            go.complete_time
    </select>


    <select id="general_orders_complete_time_datetime_statistic_3b7ddf49_count" resultMap="general_orders_complete_time_datetime_statistic_3b7ddf49_countStatistic0">
        select
                go.complete_time  
                ,  count(go.id)
 as result_kf
        FROM general_orders go

        ${ew.customSqlSegment}
        group by 
            go.complete_time
    </select>


    <select id="general_orders_deliver_time_datetime_statistic_56a27fe9_count" resultMap="general_orders_deliver_time_datetime_statistic_56a27fe9_countStatistic0">
        select
                go.deliver_time  
                ,  count(go.id)
 as result_kf
        FROM general_orders go

        ${ew.customSqlSegment}
        group by 
            go.deliver_time
    </select>


    <select id="general_orders_deliver_time_datetime_statistic_7d95dc04_count" resultMap="general_orders_deliver_time_datetime_statistic_7d95dc04_countStatistic0">
        select
                go.deliver_time  
                ,  count(go.id)
 as result_kf
        FROM general_orders go

        ${ew.customSqlSegment}
        group by 
            go.deliver_time
    </select>


    <select id="general_orders_deliver_time_datetime_statistic_eee9ace7_count" resultMap="general_orders_deliver_time_datetime_statistic_eee9ace7_countStatistic0">
        select
                go.deliver_time  
                ,  count(go.id)
 as result_kf
        FROM general_orders go

        ${ew.customSqlSegment}
        group by 
            go.deliver_time
    </select>


    <select id="general_orders_refund_status_status_statistic_be66fbf1_count" resultMap="general_orders_refund_status_status_statistic_be66fbf1_countStatistic0">
        select
                go.refund_status  
                ,  count(go.id)
 as result_kf
        FROM general_orders go

        ${ew.customSqlSegment}
        group by 
            go.refund_status
    </select>


    <select id="general_orders_refund_status_status_statistic_61064702_count" resultMap="general_orders_refund_status_status_statistic_61064702_countStatistic0">
        select
                go.refund_status  
                ,  count(go.id)
 as result_kf
        FROM general_orders go

        ${ew.customSqlSegment}
        group by 
            go.refund_status
    </select>


    <select id="general_orders_refund_status_status_statistic_104a645e_count" resultMap="general_orders_refund_status_status_statistic_104a645e_countStatistic0">
        select
                go.refund_status  
                ,  count(go.id)
 as result_kf
        FROM general_orders go

        ${ew.customSqlSegment}
        group by 
            go.refund_status
    </select>



</mapper>
