<?xml version="1.0" encoding="UTF-8"?>
<!DOCTYPE mapper PUBLIC "-//mybatis.org//DTD Mapper 3.0//EN" "http://mybatis.org/dtd/mybatis-3-mapper.dtd">
<mapper namespace="com.kuafu.web.mapper.MemberLevelEnumStatisticsMapper">

    <resultMap id="member_level_enum_member_level_enum_id_status_statistic_8fd8732a_countStatistic0" type="com.kuafu.web.entity.MemberLevelEnumMemberLevelEnumIdStatusStatistic8fd8732aCount$Statistic0">
        <result property="memberLevelEnumId" column="member_level_enum_id"/>
        <result property="result_kf" column="result_kf"/>
    </resultMap>
<resultMap id="member_level_enum_member_level_enum_id_status_statistic_72e02317_countStatistic0" type="com.kuafu.web.entity.MemberLevelEnumMemberLevelEnumIdStatusStatistic72e02317Count$Statistic0">
        <result property="memberLevelEnumId" column="member_level_enum_id"/>
        <result property="result_kf" column="result_kf"/>
    </resultMap>
<resultMap id="member_level_enum_member_level_enum_id_status_statistic_22ba9e80_countStatistic0" type="com.kuafu.web.entity.MemberLevelEnumMemberLevelEnumIdStatusStatistic22ba9e80Count$Statistic0">
        <result property="memberLevelEnumId" column="member_level_enum_id"/>
        <result property="result_kf" column="result_kf"/>
    </resultMap>



    <select id="member_level_enum_member_level_enum_id_status_statistic_8fd8732a_count" resultMap="member_level_enum_member_level_enum_id_status_statistic_8fd8732a_countStatistic0">
        select
                mle.member_level_enum_id  
                ,  count(mle.member_level_enum_id)
 as result_kf
        FROM member_level_enum mle

        ${ew.customSqlSegment}
        group by 
            mle.member_level_enum_id
    </select>


    <select id="member_level_enum_member_level_enum_id_status_statistic_72e02317_count" resultMap="member_level_enum_member_level_enum_id_status_statistic_72e02317_countStatistic0">
        select
                mle.member_level_enum_id  
                ,  count(mle.member_level_enum_id)
 as result_kf
        FROM member_level_enum mle

        ${ew.customSqlSegment}
        group by 
            mle.member_level_enum_id
    </select>


    <select id="member_level_enum_member_level_enum_id_status_statistic_22ba9e80_count" resultMap="member_level_enum_member_level_enum_id_status_statistic_22ba9e80_countStatistic0">
        select
                mle.member_level_enum_id  
                ,  count(mle.member_level_enum_id)
 as result_kf
        FROM member_level_enum mle

        ${ew.customSqlSegment}
        group by 
            mle.member_level_enum_id
    </select>



</mapper>
